方位角(度),时间,X(度),Y(度)
-180.000,2026-06-05 17:35:09.003,0.640,83.340
-180.000,2026-06-05 17:35:09.499,0.640,83.340
-180.000,2026-06-05 17:35:10.010,0.640,83.340
-180.000,2026-06-05 17:35:10.501,0.640,83.340
-180.000,2026-06-05 17:35:10.994,0.640,83.340
-180.000,2026-06-05 17:35:11.501,0.640,83.340
-180.000,2026-06-05 17:35:11.995,0.640,83.340
-180.000,2026-06-05 17:35:12.504,0.640,83.340
-180.000,2026-06-05 17:35:12.997,0.640,83.340
-180.000,2026-06-05 17:35:13.495,0.640,83.340
-180.000,2026-06-05 17:35:14.006,0.640,83.340
-180.000,2026-06-05 17:35:14.497,0.640,83.340
-180.000,2026-06-05 17:35:15.006,0.640,83.340
-180.000,2026-06-05 17:35:15.501,0.640,83.340
-180.000,2026-06-05 17:35:15.997,0.640,83.340
-180.000,2026-06-05 17:35:16.509,0.640,83.340
-180.000,2026-06-05 17:35:17.003,0.640,83.340
-180.000,2026-06-05 17:35:17.502,0.640,83.340
-180.000,2026-06-05 17:35:18.008,0.640,83.340
-180.000,2026-06-05 17:35:18.503,0.640,83.340
-180.000,2026-06-05 17:35:18.762,0.640,83.340
-165.000,2026-06-05 17:35:25.997,0.630,83.320
-165.000,2026-06-05 17:35:26.507,0.630,83.320
-165.000,2026-06-05 17:35:27.003,0.630,83.330
-165.000,2026-06-05 17:35:27.498,0.630,83.330
-165.000,2026-06-05 17:35:27.994,0.630,83.330
-165.000,2026-06-05 17:35:28.505,0.630,83.330
-165.000,2026-06-05 17:35:28.998,0.630,83.330
-165.000,2026-06-05 17:35:29.494,0.630,83.330
-165.000,2026-06-05 17:35:30.004,0.630,83.330
-165.000,2026-06-05 17:35:30.497,0.630,83.330
-165.000,2026-06-05 17:35:31.009,0.630,83.330
-165.000,2026-06-05 17:35:31.503,0.630,83.330
-165.000,2026-06-05 17:35:31.999,0.630,83.330
-165.000,2026-06-05 17:35:32.508,0.630,83.330
-165.000,2026-06-05 17:35:33.000,0.630,83.330
-165.000,2026-06-05 17:35:33.510,0.630,83.330
-165.000,2026-06-05 17:35:34.003,0.630,83.330
-165.000,2026-06-05 17:35:34.511,0.630,83.330
-165.000,2026-06-05 17:35:35.010,0.630,83.330
-165.000,2026-06-05 17:35:35.508,0.630,83.320
-165.000,2026-06-05 17:35:35.772,0.630,83.320
-150.000,2026-06-05 17:35:42.650,0.630,83.310
-150.000,2026-06-05 17:35:43.159,0.630,83.310
-150.000,2026-06-05 17:35:43.658,0.630,83.310
-150.000,2026-06-05 17:35:44.158,0.630,83.320
-150.000,2026-06-05 17:35:44.665,0.630,83.310
-150.000,2026-06-05 17:35:45.156,0.630,83.310
-150.000,2026-06-05 17:35:45.666,0.630,83.310
-150.000,2026-06-05 17:35:46.160,0.630,83.320
-150.000,2026-06-05 17:35:46.659,0.630,83.310
-150.000,2026-06-05 17:35:47.166,0.630,83.310
-150.000,2026-06-05 17:35:47.657,0.630,83.310
-150.000,2026-06-05 17:35:48.168,0.630,83.310
-150.000,2026-06-05 17:35:48.665,0.630,83.310
-150.000,2026-06-05 17:35:49.159,0.630,83.310
-150.000,2026-06-05 17:35:49.664,0.630,83.310
-150.000,2026-06-05 17:35:50.171,0.630,83.310
-150.000,2026-06-05 17:35:50.667,0.630,83.310
-150.000,2026-06-05 17:35:51.161,0.630,83.310
-150.000,2026-06-05 17:35:51.657,0.630,83.310
-150.000,2026-06-05 17:35:52.166,0.630,83.310
-150.000,2026-06-05 17:35:52.426,0.630,83.310
-135.000,2026-06-05 17:35:59.655,0.630,83.300
-135.000,2026-06-05 17:36:00.147,0.630,83.300
-135.000,2026-06-05 17:36:00.654,0.630,83.300
-135.000,2026-06-05 17:36:01.146,0.630,83.300
-135.000,2026-06-05 17:36:01.657,0.630,83.300
-135.000,2026-06-05 17:36:02.155,0.630,83.300
-135.000,2026-06-05 17:36:02.664,0.620,83.300
-135.000,2026-06-05 17:36:03.163,0.630,83.300
-135.000,2026-06-05 17:36:03.659,0.630,83.300
-135.000,2026-06-05 17:36:04.155,0.630,83.300
-135.000,2026-06-05 17:36:04.664,0.630,83.300
-135.000,2026-06-05 17:36:05.159,0.620,83.300
-135.000,2026-06-05 17:36:05.657,0.620,83.300
-135.000,2026-06-05 17:36:06.152,0.620,83.300
-135.000,2026-06-05 17:36:06.663,0.620,83.300
-135.000,2026-06-05 17:36:07.158,0.620,83.300
-135.000,2026-06-05 17:36:07.654,0.630,83.300
-135.000,2026-06-05 17:36:08.165,0.630,83.300
-135.000,2026-06-05 17:36:08.658,0.630,83.300
-135.000,2026-06-05 17:36:09.168,0.630,83.300
-135.000,2026-06-05 17:36:09.435,0.620,83.300
-120.000,2026-06-05 17:36:16.600,0.630,83.280
-120.000,2026-06-05 17:36:17.098,0.630,83.290
-120.000,2026-06-05 17:36:17.605,0.630,83.280
-120.000,2026-06-05 17:36:18.100,0.630,83.280
-120.000,2026-06-05 17:36:18.611,0.630,83.280
-120.000,2026-06-05 17:36:19.110,0.630,83.290
-120.000,2026-06-05 17:36:19.604,0.630,83.280
-120.000,2026-06-05 17:36:20.114,0.630,83.280
-120.000,2026-06-05 17:36:20.605,0.630,83.280
-120.000,2026-06-05 17:36:21.115,0.630,83.290
-120.000,2026-06-05 17:36:21.611,0.630,83.280
-120.000,2026-06-05 17:36:22.112,0.630,83.280
-120.000,2026-06-05 17:36:22.609,0.630,83.280
-120.000,2026-06-05 17:36:23.104,0.630,83.280
-120.000,2026-06-05 17:36:23.614,0.630,83.290
-120.000,2026-06-05 17:36:24.107,0.630,83.290
-120.000,2026-06-05 17:36:24.603,0.630,83.290
-120.000,2026-06-05 17:36:25.117,0.630,83.290
-120.000,2026-06-05 17:36:25.612,0.630,83.290
-120.000,2026-06-05 17:36:26.107,0.630,83.290
-120.000,2026-06-05 17:36:26.370,0.630,83.290
-105.000,2026-06-05 17:36:33.550,0.650,83.270
-105.000,2026-06-05 17:36:34.058,0.650,83.270
-105.000,2026-06-05 17:36:34.555,0.650,83.270
-105.000,2026-06-05 17:36:35.063,0.650,83.270
-105.000,2026-06-05 17:36:35.555,0.640,83.270
-105.000,2026-06-05 17:36:36.051,0.640,83.270
-105.000,2026-06-05 17:36:36.565,0.640,83.270
-105.000,2026-06-05 17:36:37.056,0.640,83.270
-105.000,2026-06-05 17:36:37.566,0.640,83.270
-105.000,2026-06-05 17:36:38.061,0.650,83.280
-105.000,2026-06-05 17:36:38.557,0.650,83.280
-105.000,2026-06-05 17:36:39.066,0.650,83.280
-105.000,2026-06-05 17:36:39.562,0.650,83.280
-105.000,2026-06-05 17:36:40.059,0.640,83.280
-105.000,2026-06-05 17:36:40.565,0.640,83.280
-105.000,2026-06-05 17:36:41.059,0.650,83.280
-105.000,2026-06-05 17:36:41.553,0.640,83.280
-105.000,2026-06-05 17:36:42.064,0.640,83.270
-105.000,2026-06-05 17:36:42.561,0.650,83.270
-105.000,2026-06-05 17:36:43.058,0.650,83.270
-105.000,2026-06-05 17:36:43.324,0.650,83.270
-90.000,2026-06-05 17:36:50.558,0.660,83.270
-90.000,2026-06-05 17:36:51.052,0.660,83.270
-90.000,2026-06-05 17:36:51.560,0.660,83.270
-90.000,2026-06-05 17:36:52.053,0.660,83.260
-90.000,2026-06-05 17:36:52.564,0.660,83.260
-90.000,2026-06-05 17:36:53.058,0.660,83.270
-90.000,2026-06-05 17:36:53.555,0.660,83.270
-90.000,2026-06-05 17:36:54.066,0.660,83.270
-90.000,2026-06-05 17:36:54.567,0.660,83.260
-90.000,2026-06-05 17:36:55.064,0.660,83.260
-90.000,2026-06-05 17:36:55.566,0.660,83.260
-90.000,2026-06-05 17:36:56.062,0.660,83.260
-90.000,2026-06-05 17:36:56.558,0.660,83.260
-90.000,2026-06-05 17:36:57.070,0.660,83.260
-90.000,2026-06-05 17:36:57.566,0.660,83.260
-90.000,2026-06-05 17:36:58.059,0.660,83.260
-90.000,2026-06-05 17:36:58.567,0.660,83.270
-90.000,2026-06-05 17:36:59.060,0.660,83.270
-90.000,2026-06-05 17:36:59.559,0.660,83.260
-90.000,2026-06-05 17:37:00.071,0.660,83.260
-90.000,2026-06-05 17:37:00.333,0.660,83.260
-75.000,2026-06-05 17:37:07.215,0.670,83.260
-75.000,2026-06-05 17:37:07.709,0.670,83.250
-75.000,2026-06-05 17:37:08.203,0.670,83.250
-75.000,2026-06-05 17:37:08.712,0.670,83.260
-75.000,2026-06-05 17:37:09.210,0.670,83.260
-75.000,2026-06-05 17:37:09.708,0.670,83.260
-75.000,2026-06-05 17:37:10.216,0.670,83.260
-75.000,2026-06-05 17:37:10.709,0.670,83.260
-75.000,2026-06-05 17:37:11.207,0.670,83.260
-75.000,2026-06-05 17:37:11.716,0.670,83.260
-75.000,2026-06-05 17:37:12.207,0.670,83.260
-75.000,2026-06-05 17:37:12.718,0.670,83.260
-75.000,2026-06-05 17:37:13.213,0.660,83.260
-75.000,2026-06-05 17:37:13.713,0.660,83.260
-75.000,2026-06-05 17:37:14.212,0.670,83.260
-75.000,2026-06-05 17:37:14.718,0.670,83.260
-75.000,2026-06-05 17:37:15.210,0.670,83.260
-75.000,2026-06-05 17:37:15.718,0.670,83.260
-75.000,2026-06-05 17:37:16.213,0.670,83.260
-75.000,2026-06-05 17:37:16.724,0.670,83.260
-75.000,2026-06-05 17:37:16.988,0.670,83.260
-60.000,2026-06-05 17:37:24.203,0.680,83.250
-60.000,2026-06-05 17:37:24.709,0.680,83.250
-60.000,2026-06-05 17:37:25.217,0.680,83.250
-60.000,2026-06-05 17:37:25.708,0.680,83.250
-60.000,2026-06-05 17:37:26.204,0.680,83.250
-60.000,2026-06-05 17:37:26.716,0.680,83.250
-60.000,2026-06-05 17:37:27.215,0.680,83.250
-60.000,2026-06-05 17:37:27.706,0.680,83.250
-60.000,2026-06-05 17:37:28.219,0.680,83.250
-60.000,2026-06-05 17:37:28.714,0.680,83.250
-60.000,2026-06-05 17:37:29.214,0.680,83.250
-60.000,2026-06-05 17:37:29.723,0.680,83.250
-60.000,2026-06-05 17:37:30.220,0.680,83.250
-60.000,2026-06-05 17:37:30.712,0.680,83.250
-60.000,2026-06-05 17:37:31.222,0.680,83.250
-60.000,2026-06-05 17:37:31.713,0.680,83.250
-60.000,2026-06-05 17:37:32.209,0.680,83.250
-60.000,2026-06-05 17:37:32.716,0.680,83.250
-60.000,2026-06-05 17:37:33.212,0.680,83.250
-60.000,2026-06-05 17:37:33.721,0.680,83.250
-60.000,2026-06-05 17:37:33.984,0.680,83.250
-45.000,2026-06-05 17:37:40.812,0.690,83.250
-45.000,2026-06-05 17:37:41.306,0.690,83.250
-45.000,2026-06-05 17:37:41.813,0.690,83.250
-45.000,2026-06-05 17:37:42.306,0.690,83.250
-45.000,2026-06-05 17:37:42.821,0.690,83.250
-45.000,2026-06-05 17:37:43.311,0.690,83.250
-45.000,2026-06-05 17:37:43.812,0.690,83.250
-45.000,2026-06-05 17:37:44.320,0.690,83.250
-45.000,2026-06-05 17:37:44.817,0.690,83.250
-45.000,2026-06-05 17:37:45.315,0.690,83.250
-45.000,2026-06-05 17:37:45.809,0.690,83.250
-45.000,2026-06-05 17:37:46.322,0.690,83.250
-45.000,2026-06-05 17:37:46.815,0.690,83.250
-45.000,2026-06-05 17:37:47.309,0.690,83.250
-45.000,2026-06-05 17:37:47.821,0.690,83.250
-45.000,2026-06-05 17:37:48.322,0.690,83.250
-45.000,2026-06-05 17:37:48.817,0.690,83.250
-45.000,2026-06-05 17:37:49.310,0.690,83.250
-45.000,2026-06-05 17:37:49.818,0.690,83.250
-45.000,2026-06-05 17:37:50.325,0.690,83.250
-45.000,2026-06-05 17:37:50.590,0.690,83.250
-30.000,2026-06-05 17:37:57.820,0.700,83.250
-30.000,2026-06-05 17:37:58.311,0.700,83.250
-30.000,2026-06-05 17:37:58.808,0.700,83.250
-30.000,2026-06-05 17:37:59.320,0.700,83.250
-30.000,2026-06-05 17:37:59.812,0.700,83.250
-30.000,2026-06-05 17:38:00.310,0.700,83.250
-30.000,2026-06-05 17:38:00.818,0.700,83.260
-30.000,2026-06-05 17:38:01.313,0.700,83.250
-30.000,2026-06-05 17:38:01.814,0.700,83.250
-30.000,2026-06-05 17:38:02.324,0.700,83.250
-30.000,2026-06-05 17:38:02.818,0.700,83.250
-30.000,2026-06-05 17:38:03.312,0.700,83.250
-30.000,2026-06-05 17:38:03.825,0.700,83.250
-30.000,2026-06-05 17:38:04.323,0.700,83.250
-30.000,2026-06-05 17:38:04.816,0.700,83.250
-30.000,2026-06-05 17:38:05.313,0.700,83.250
-30.000,2026-06-05 17:38:05.825,0.700,83.250
-30.000,2026-06-05 17:38:06.321,0.700,83.250
-30.000,2026-06-05 17:38:06.816,0.700,83.250
-30.000,2026-06-05 17:38:07.325,0.700,83.250
-30.000,2026-06-05 17:38:07.587,0.700,83.250
-15.000,2026-06-05 17:38:14.462,0.720,83.260
-15.000,2026-06-05 17:38:14.957,0.710,83.260
-15.000,2026-06-05 17:38:15.465,0.710,83.260
-15.000,2026-06-05 17:38:15.963,0.710,83.260
-15.000,2026-06-05 17:38:16.470,0.710,83.260
-15.000,2026-06-05 17:38:16.965,0.710,83.260
-15.000,2026-06-05 17:38:17.470,0.710,83.260
-15.000,2026-06-05 17:38:17.963,0.710,83.260
-15.000,2026-06-05 17:38:18.471,0.710,83.260
-15.000,2026-06-05 17:38:18.964,0.710,83.260
-15.000,2026-06-05 17:38:19.470,0.710,83.260
-15.000,2026-06-05 17:38:19.964,0.710,83.260
-15.000,2026-06-05 17:38:20.473,0.710,83.250
-15.000,2026-06-05 17:38:20.967,0.710,83.250
-15.000,2026-06-05 17:38:21.473,0.710,83.260
-15.000,2026-06-05 17:38:21.971,0.710,83.260
-15.000,2026-06-05 17:38:22.480,0.710,83.260
-15.000,2026-06-05 17:38:22.976,0.710,83.260
-15.000,2026-06-05 17:38:23.469,0.710,83.260
-15.000,2026-06-05 17:38:23.980,0.710,83.250
-15.000,2026-06-05 17:38:24.242,0.710,83.250
0.000,2026-06-05 17:38:31.413,0.720,83.270
0.000,2026-06-05 17:38:31.922,0.720,83.270
0.000,2026-06-05 17:38:32.422,0.720,83.260
0.000,2026-06-05 17:38:32.917,0.720,83.260
0.000,2026-06-05 17:38:33.412,0.720,83.260
0.000,2026-06-05 17:38:33.921,0.720,83.260
0.000,2026-06-05 17:38:34.418,0.720,83.260
0.000,2026-06-05 17:38:34.926,0.720,83.270
0.000,2026-06-05 17:38:35.421,0.720,83.270
0.000,2026-06-05 17:38:35.917,0.720,83.270
0.000,2026-06-05 17:38:36.424,0.720,83.270
0.000,2026-06-05 17:38:36.918,0.720,83.270
0.000,2026-06-05 17:38:37.416,0.720,83.270
0.000,2026-06-05 17:38:37.914,0.720,83.260
0.000,2026-06-05 17:38:38.423,0.720,83.260
0.000,2026-06-05 17:38:38.918,0.720,83.260
0.000,2026-06-05 17:38:39.424,0.720,83.270
0.000,2026-06-05 17:38:39.922,0.720,83.270
0.000,2026-06-05 17:38:40.419,0.720,83.270
0.000,2026-06-05 17:38:40.928,0.720,83.270
0.000,2026-06-05 17:38:41.192,0.720,83.270
15.000,2026-06-05 17:38:48.069,0.730,83.270
15.000,2026-06-05 17:38:48.567,0.730,83.270
15.000,2026-06-05 17:38:49.061,0.730,83.270
15.000,2026-06-05 17:38:49.574,0.730,83.270
15.000,2026-06-05 17:38:50.069,0.730,83.270
15.000,2026-06-05 17:38:50.563,0.730,83.270
15.000,2026-06-05 17:38:51.078,0.730,83.270
15.000,2026-06-05 17:38:51.571,0.730,83.270
15.000,2026-06-05 17:38:52.078,0.730,83.270
15.000,2026-06-05 17:38:52.571,0.730,83.270
15.000,2026-06-05 17:38:53.065,0.730,83.270
15.000,2026-06-05 17:38:53.576,0.730,83.270
15.000,2026-06-05 17:38:54.070,0.730,83.270
15.000,2026-06-05 17:38:54.580,0.730,83.270
15.000,2026-06-05 17:38:55.080,0.730,83.270
15.000,2026-06-05 17:38:55.575,0.730,83.270
15.000,2026-06-05 17:38:56.069,0.720,83.270
15.000,2026-06-05 17:38:56.581,0.720,83.270
15.000,2026-06-05 17:38:57.077,0.730,83.270
15.000,2026-06-05 17:38:57.571,0.730,83.270
15.000,2026-06-05 17:38:57.833,0.730,83.270
30.000,2026-06-05 17:39:05.072,0.730,83.290
30.000,2026-06-05 17:39:05.565,0.730,83.290
30.000,2026-06-05 17:39:06.063,0.730,83.290
30.000,2026-06-05 17:39:06.564,0.730,83.290
30.000,2026-06-05 17:39:07.075,0.730,83.280
30.000,2026-06-05 17:39:07.571,0.730,83.280
30.000,2026-06-05 17:39:08.068,0.730,83.280
30.000,2026-06-05 17:39:08.575,0.730,83.280
30.000,2026-06-05 17:39:09.068,0.730,83.280
30.000,2026-06-05 17:39:09.578,0.730,83.280
30.000,2026-06-05 17:39:10.076,0.730,83.280
30.000,2026-06-05 17:39:10.569,0.730,83.280
30.000,2026-06-05 17:39:11.079,0.730,83.280
30.000,2026-06-05 17:39:11.575,0.730,83.280
30.000,2026-06-05 17:39:12.081,0.730,83.280
30.000,2026-06-05 17:39:12.575,0.730,83.280
30.000,2026-06-05 17:39:13.083,0.730,83.280
30.000,2026-06-05 17:39:13.581,0.730,83.280
30.000,2026-06-05 17:39:14.074,0.730,83.280
30.000,2026-06-05 17:39:14.580,0.730,83.290
30.000,2026-06-05 17:39:14.843,0.730,83.290
45.000,2026-06-05 17:39:21.727,0.730,83.300
45.000,2026-06-05 17:39:22.226,0.730,83.300
45.000,2026-06-05 17:39:22.717,0.730,83.300
45.000,2026-06-05 17:39:23.224,0.730,83.300
45.000,2026-06-05 17:39:23.715,0.730,83.300
45.000,2026-06-05 17:39:24.223,0.730,83.300
45.000,2026-06-05 17:39:24.717,0.730,83.300
45.000,2026-06-05 17:39:25.225,0.730,83.300
45.000,2026-06-05 17:39:25.719,0.730,83.290
45.000,2026-06-05 17:39:26.229,0.730,83.300
45.000,2026-06-05 17:39:26.727,0.730,83.300
45.000,2026-06-05 17:39:27.222,0.730,83.300
45.000,2026-06-05 17:39:27.729,0.730,83.300
45.000,2026-06-05 17:39:28.230,0.740,83.300
45.000,2026-06-05 17:39:28.720,0.730,83.300
45.000,2026-06-05 17:39:29.229,0.730,83.300
45.000,2026-06-05 17:39:29.725,0.730,83.300
45.000,2026-06-05 17:39:30.232,0.730,83.300
45.000,2026-06-05 17:39:30.730,0.730,83.300
45.000,2026-06-05 17:39:31.225,0.730,83.300
45.000,2026-06-05 17:39:31.496,0.730,83.300
60.000,2026-06-05 17:39:38.380,0.740,83.310
60.000,2026-06-05 17:39:38.871,0.740,83.310
60.000,2026-06-05 17:39:39.366,0.740,83.310
60.000,2026-06-05 17:39:39.875,0.740,83.310
60.000,2026-06-05 17:39:40.375,0.740,83.310
60.000,2026-06-05 17:39:40.874,0.740,83.310
60.000,2026-06-05 17:39:41.371,0.730,83.310
60.000,2026-06-05 17:39:41.867,0.740,83.310
60.000,2026-06-05 17:39:42.375,0.730,83.310
60.000,2026-06-05 17:39:42.873,0.730,83.310
60.000,2026-06-05 17:39:43.368,0.730,83.310
60.000,2026-06-05 17:39:43.880,0.730,83.310
60.000,2026-06-05 17:39:44.378,0.730,83.310
60.000,2026-06-05 17:39:44.876,0.730,83.310
60.000,2026-06-05 17:39:45.384,0.740,83.310
60.000,2026-06-05 17:39:45.880,0.740,83.310
60.000,2026-06-05 17:39:46.374,0.740,83.310
60.000,2026-06-05 17:39:46.873,0.740,83.310
60.000,2026-06-05 17:39:47.386,0.730,83.310
60.000,2026-06-05 17:39:47.884,0.730,83.310
60.000,2026-06-05 17:39:48.151,0.730,83.310
75.000,2026-06-05 17:39:55.370,0.730,83.320
75.000,2026-06-05 17:39:55.867,0.730,83.330
75.000,2026-06-05 17:39:56.381,0.730,83.330
75.000,2026-06-05 17:39:56.880,0.730,83.320
75.000,2026-06-05 17:39:57.377,0.730,83.320
75.000,2026-06-05 17:39:57.877,0.730,83.320
75.000,2026-06-05 17:39:58.376,0.730,83.330
75.000,2026-06-05 17:39:58.873,0.730,83.320
75.000,2026-06-05 17:39:59.371,0.730,83.320
75.000,2026-06-05 17:39:59.869,0.730,83.320
75.000,2026-06-05 17:40:00.379,0.730,83.320
75.000,2026-06-05 17:40:00.881,0.730,83.320
75.000,2026-06-05 17:40:01.377,0.730,83.320
75.000,2026-06-05 17:40:01.877,0.730,83.320
75.000,2026-06-05 17:40:02.374,0.730,83.320
75.000,2026-06-05 17:40:02.873,0.730,83.320
75.000,2026-06-05 17:40:03.385,0.730,83.320
75.000,2026-06-05 17:40:03.885,0.730,83.320
75.000,2026-06-05 17:40:04.384,0.730,83.330
75.000,2026-06-05 17:40:04.879,0.730,83.330
75.000,2026-06-05 17:40:05.142,0.730,83.320
90.000,2026-06-05 17:40:11.971,0.730,83.330
90.000,2026-06-05 17:40:12.469,0.730,83.340
90.000,2026-06-05 17:40:12.982,0.730,83.340
90.000,2026-06-05 17:40:13.477,0.730,83.330
90.000,2026-06-05 17:40:13.975,0.730,83.340
90.000,2026-06-05 17:40:14.485,0.730,83.340
90.000,2026-06-05 17:40:14.983,0.730,83.340
90.000,2026-06-05 17:40:15.482,0.730,83.340
90.000,2026-06-05 17:40:15.981,0.730,83.330
90.000,2026-06-05 17:40:16.474,0.730,83.330
90.000,2026-06-05 17:40:16.985,0.730,83.340
90.000,2026-06-05 17:40:17.483,0.730,83.340
90.000,2026-06-05 17:40:17.981,0.730,83.340
90.000,2026-06-05 17:40:18.476,0.730,83.330
90.000,2026-06-05 17:40:18.974,0.730,83.330
90.000,2026-06-05 17:40:19.488,0.730,83.330
90.000,2026-06-05 17:40:19.981,0.720,83.340
90.000,2026-06-05 17:40:20.478,0.720,83.340
90.000,2026-06-05 17:40:20.976,0.730,83.340
90.000,2026-06-05 17:40:21.487,0.730,83.330
90.000,2026-06-05 17:40:21.753,0.730,83.330
105.000,2026-06-05 17:40:28.977,0.720,83.350
105.000,2026-06-05 17:40:29.474,0.710,83.350
105.000,2026-06-05 17:40:29.972,0.710,83.350
105.000,2026-06-05 17:40:30.472,0.710,83.350
105.000,2026-06-05 17:40:30.985,0.710,83.340
105.000,2026-06-05 17:40:31.479,0.710,83.350
105.000,2026-06-05 17:40:31.976,0.710,83.350
105.000,2026-06-05 17:40:32.475,0.710,83.350
105.000,2026-06-05 17:40:32.973,0.710,83.340
105.000,2026-06-05 17:40:33.485,0.710,83.340
105.000,2026-06-05 17:40:33.980,0.710,83.340
105.000,2026-06-05 17:40:34.479,0.710,83.340
105.000,2026-06-05 17:40:34.977,0.710,83.340
105.000,2026-06-05 17:40:35.489,0.710,83.340
105.000,2026-06-05 17:40:35.989,0.720,83.350
105.000,2026-06-05 17:40:36.488,0.710,83.350
105.000,2026-06-05 17:40:36.987,0.710,83.350
105.000,2026-06-05 17:40:37.486,0.710,83.350
105.000,2026-06-05 17:40:37.982,0.710,83.350
105.000,2026-06-05 17:40:38.484,0.710,83.350
105.000,2026-06-05 17:40:38.748,0.710,83.350
120.000,2026-06-05 17:40:45.628,0.700,83.350
120.000,2026-06-05 17:40:46.127,0.700,83.350
120.000,2026-06-05 17:40:46.626,0.700,83.350
120.000,2026-06-05 17:40:47.122,0.700,83.350
120.000,2026-06-05 17:40:47.635,0.700,83.350
120.000,2026-06-05 17:40:48.131,0.700,83.350
120.000,2026-06-05 17:40:48.628,0.700,83.350
120.000,2026-06-05 17:40:49.125,0.700,83.350
120.000,2026-06-05 17:40:49.625,0.700,83.350
120.000,2026-06-05 17:40:50.136,0.700,83.350
120.000,2026-06-05 17:40:50.637,0.690,83.350
120.000,2026-06-05 17:40:51.134,0.690,83.350
120.000,2026-06-05 17:40:51.633,0.700,83.350
120.000,2026-06-05 17:40:52.130,0.700,83.350
120.000,2026-06-05 17:40:52.626,0.700,83.350
120.000,2026-06-05 17:40:53.138,0.690,83.350
120.000,2026-06-05 17:40:53.635,0.700,83.350
120.000,2026-06-05 17:40:54.131,0.700,83.350
120.000,2026-06-05 17:40:54.641,0.700,83.350
120.000,2026-06-05 17:40:55.126,0.700,83.350
120.000,2026-06-05 17:40:55.392,0.700,83.350
135.000,2026-06-05 17:41:02.630,0.680,83.360
135.000,2026-06-05 17:41:03.129,0.680,83.360
135.000,2026-06-05 17:41:03.630,0.680,83.350
135.000,2026-06-05 17:41:04.134,0.680,83.350
135.000,2026-06-05 17:41:04.633,0.680,83.350
135.000,2026-06-05 17:41:05.131,0.680,83.350
135.000,2026-06-05 17:41:05.628,0.680,83.350
135.000,2026-06-05 17:41:06.127,0.680,83.350
135.000,2026-06-05 17:41:06.627,0.680,83.350
135.000,2026-06-05 17:41:07.127,0.680,83.350
135.000,2026-06-05 17:41:07.625,0.680,83.350
135.000,2026-06-05 17:41:08.138,0.680,83.350
135.000,2026-06-05 17:41:08.638,0.680,83.350
135.000,2026-06-05 17:41:09.136,0.680,83.350
135.000,2026-06-05 17:41:09.640,0.680,83.350
135.000,2026-06-05 17:41:10.141,0.680,83.350
135.000,2026-06-05 17:41:10.637,0.680,83.350
135.000,2026-06-05 17:41:11.137,0.680,83.350
135.000,2026-06-05 17:41:11.635,0.680,83.350
135.000,2026-06-05 17:41:12.134,0.680,83.350
135.000,2026-06-05 17:41:12.402,0.680,83.350
150.000,2026-06-05 17:41:19.281,0.670,83.350
150.000,2026-06-05 17:41:19.783,0.670,83.350
150.000,2026-06-05 17:41:20.284,0.670,83.350
150.000,2026-06-05 17:41:20.781,0.670,83.350
150.000,2026-06-05 17:41:21.281,0.670,83.350
150.000,2026-06-05 17:41:21.779,0.670,83.350
150.000,2026-06-05 17:41:22.280,0.670,83.350
150.000,2026-06-05 17:41:22.778,0.670,83.350
150.000,2026-06-05 17:41:23.278,0.660,83.360
150.000,2026-06-05 17:41:23.788,0.660,83.350
150.000,2026-06-05 17:41:24.288,0.670,83.350
150.000,2026-06-05 17:41:24.785,0.670,83.350
150.000,2026-06-05 17:41:25.286,0.660,83.350
150.000,2026-06-05 17:41:25.782,0.660,83.350
150.000,2026-06-05 17:41:26.283,0.660,83.350
150.000,2026-06-05 17:41:26.784,0.670,83.350
150.000,2026-06-05 17:41:27.282,0.670,83.350
150.000,2026-06-05 17:41:27.783,0.670,83.360
150.000,2026-06-05 17:41:28.283,0.670,83.350
150.000,2026-06-05 17:41:28.796,0.670,83.350
150.000,2026-06-05 17:41:29.062,0.670,83.350
165.000,2026-06-05 17:41:36.276,0.650,83.350
165.000,2026-06-05 17:41:36.775,0.650,83.350
165.000,2026-06-05 17:41:37.275,0.650,83.350
165.000,2026-06-05 17:41:37.788,0.650,83.350
165.000,2026-06-05 17:41:38.287,0.650,83.340
165.000,2026-06-05 17:41:38.784,0.650,83.350
165.000,2026-06-05 17:41:39.286,0.650,83.350
165.000,2026-06-05 17:41:39.784,0.650,83.350
165.000,2026-06-05 17:41:40.285,0.650,83.350
165.000,2026-06-05 17:41:40.783,0.650,83.350
165.000,2026-06-05 17:41:41.281,0.650,83.350
165.000,2026-06-05 17:41:41.779,0.650,83.350
165.000,2026-06-05 17:41:42.280,0.650,83.350
165.000,2026-06-05 17:41:42.791,0.650,83.350
165.000,2026-06-05 17:41:43.290,0.650,83.350
165.000,2026-06-05 17:41:43.786,0.650,83.350
165.000,2026-06-05 17:41:44.286,0.650,83.350
165.000,2026-06-05 17:41:44.785,0.650,83.350
165.000,2026-06-05 17:41:45.283,0.650,83.340
165.000,2026-06-05 17:41:45.783,0.650,83.350
165.000,2026-06-05 17:41:46.048,0.650,83.350
180.000,2026-06-05 17:41:53.292,0.640,83.340
180.000,2026-06-05 17:41:53.791,0.640,83.340
180.000,2026-06-05 17:41:54.290,0.640,83.340
180.000,2026-06-05 17:41:54.789,0.640,83.340
180.000,2026-06-05 17:41:55.288,0.640,83.340
180.000,2026-06-05 17:41:55.787,0.640,83.340
180.000,2026-06-05 17:41:56.285,0.640,83.340
180.000,2026-06-05 17:41:56.785,0.640,83.330
180.000,2026-06-05 17:41:57.284,0.640,83.340
180.000,2026-06-05 17:41:57.795,0.640,83.340
180.000,2026-06-05 17:41:58.294,0.640,83.340
180.000,2026-06-05 17:41:58.782,0.640,83.340
180.000,2026-06-05 17:41:59.294,0.640,83.340
180.000,2026-06-05 17:41:59.790,0.640,83.340
180.000,2026-06-05 17:42:00.293,0.640,83.340
180.000,2026-06-05 17:42:00.790,0.640,83.340
180.000,2026-06-05 17:42:01.292,0.640,83.340
180.000,2026-06-05 17:42:01.788,0.640,83.340
180.000,2026-06-05 17:42:02.290,0.640,83.340
180.000,2026-06-05 17:42:02.789,0.640,83.340
180.000,2026-06-05 17:42:03.056,0.640,83.340

--- 各方位角汇总 ---
方位角(度),条数,X平均值(度),Y平均值(度),开始时间,结束时间
-180.000,21,0.640,83.340,2026-06-05 17:35:08,2026-06-05 17:35:18
-165.000,21,0.630,83.328,2026-06-05 17:35:25,2026-06-05 17:35:35
-150.000,21,0.630,83.311,2026-06-05 17:35:42,2026-06-05 17:35:52
-135.000,21,0.627,83.300,2026-06-05 17:35:59,2026-06-05 17:36:09
-120.000,21,0.630,83.285,2026-06-05 17:36:16,2026-06-05 17:36:26
-105.000,21,0.646,83.274,2026-06-05 17:36:33,2026-06-05 17:36:43
-90.000,21,0.660,83.264,2026-06-05 17:36:50,2026-06-05 17:37:00
-75.000,21,0.669,83.259,2026-06-05 17:37:06,2026-06-05 17:37:16
-60.000,21,0.680,83.250,2026-06-05 17:37:23,2026-06-05 17:37:33
-45.000,21,0.690,83.250,2026-06-05 17:37:40,2026-06-05 17:37:50
-30.000,21,0.700,83.250,2026-06-05 17:37:57,2026-06-05 17:38:07
-15.000,21,0.710,83.258,2026-06-05 17:38:14,2026-06-05 17:38:24
0.000,21,0.720,83.266,2026-06-05 17:38:31,2026-06-05 17:38:41
15.000,21,0.729,83.270,2026-06-05 17:38:47,2026-06-05 17:38:57
30.000,21,0.730,83.283,2026-06-05 17:39:04,2026-06-05 17:39:14
45.000,21,0.730,83.300,2026-06-05 17:39:21,2026-06-05 17:39:31
60.000,21,0.735,83.310,2026-06-05 17:39:38,2026-06-05 17:39:48
75.000,21,0.730,83.322,2026-06-05 17:39:55,2026-06-05 17:40:05
90.000,21,0.729,83.336,2026-06-05 17:40:11,2026-06-05 17:40:21
105.000,21,0.711,83.347,2026-06-05 17:40:28,2026-06-05 17:40:38
120.000,21,0.699,83.350,2026-06-05 17:40:45,2026-06-05 17:40:55
135.000,21,0.680,83.351,2026-06-05 17:41:02,2026-06-05 17:41:12
150.000,21,0.668,83.351,2026-06-05 17:41:19,2026-06-05 17:41:29
165.000,21,0.650,83.349,2026-06-05 17:41:36,2026-06-05 17:41:46
180.000,21,0.640,83.340,2026-06-05 17:41:53,2026-06-05 17:42:03
